name,value,timeunit,lastValue,rank,dist,diff
anamix,1,1.0,0,1,0.0,51
ararat,1,1.0,0,2,0.0,51
arc,1,1.0,0,3,0.0,51
ares,1,1.0,0,4,0.0,51
arkimedes,1,1.0,0,5,0.0,51
arknet,1,1.0,0,6,0.0,51
arkpool,1,1.0,0,7,0.0,51
arky,1,1.0,0,8,0.0,51
atreides_wannabe,1,1.0,0,9,0.0,51
axi,1,1.0,0,10,0.0,51
bangomatic,1,1.0,0,11,0.0,51
bioly,1,1.0,0,12,0.0,51
cannabanana,1,1.0,0,13,0.0,51
chiiky_2,1,1.0,0,14,0.0,51
corsaro,1,1.0,0,15,0.0,51
cryptolanka123,1,1.0,0,16,0.0,51
dafty,1,1.0,0,17,0.0,51
digitron,1,1.0,0,18,0.0,51
diplo,1,1.0,0,19,0.0,51
doc,1,1.0,0,20,0.0,51
doom,1,1.0,0,21,0.0,51
elegato,1,1.0,0,22,0.0,51
emotive_ark,1,1.0,0,23,0.0,51
forginator,1,1.0,0,24,0.0,51
ghostfaceuk,1,1.0,0,25,0.0,51
gr33ndrag0n,1,1.0,0,26,0.0,51
hagie,1,1.0,0,27,0.0,51
heliohash,1,1.0,0,28,0.0,51
jamiec79,1,1.0,0,29,0.0,51
jimbob,1,1.0,0,30,0.0,51
jiraffes,1,1.0,0,31,0.0,51
kiashaan,1,1.0,0,32,0.0,51
kolap,1,1.0,0,33,0.0,51
mr.arklife,1,1.0,0,34,0.0,51
natalie,1,1.0,0,35,0.0,51
nikitab12,1,1.0,0,36,0.0,51
ondin,1,1.0,0,37,0.0,51
pitbull,1,1.0,0,38,0.0,51
rasputin,1,1.0,0,39,0.0,51
ravelou,1,1.0,0,40,0.0,51
realnoah,1,1.0,0,41,0.0,51
samuray,1,1.0,0,42,0.0,51
seatrips,1,1.0,0,43,0.0,51
sidzero,1,1.0,0,44,0.0,51
someonesomeone,1,1.0,0,45,0.0,51
therock,1,1.0,0,46,0.0,51
tibonos,1,1.0,0,47,0.0,51
tintumon,1,1.0,0,48,0.0,51
toad,1,1.0,0,49,0.0,51
wes,1,1.0,0,50,0.0,51
xujian,1,1.0,0,51,0.0,51
alphabit_fund,1,2.0,0,1,0.79,6
anamix,1,2.0,1,2,0.79,6
ararat,1,2.0,1,3,0.79,6
arc,1,2.0,1,4,0.79,6
ares,1,2.0,1,5,0.79,6
arkimedes,1,2.0,1,6,0.79,6
arknet,1,2.0,1,7,0.79,6
arkpool,1,2.0,1,8,0.79,6
arktipbot,1,2.0,0,9,0.79,6
arky,1,2.0,1,10,0.79,6
atreides_wannabe,1,2.0,1,11,0.79,6
axi,1,2.0,1,12,0.79,6
bangomatic,1,2.0,1,13,0.79,6
bioly,1,2.0,1,14,0.79,6
chiiky_2,1,2.0,1,15,0.79,6
corsaro,1,2.0,1,16,0.79,6
cryptolanka123,1,2.0,1,17,0.79,6
dafty,1,2.0,1,18,0.79,6
digitron,1,2.0,1,19,0.79,6
doc,1,2.0,1,20,0.79,6
doom,1,2.0,1,21,0.79,6
emotive_ark,1,2.0,1,22,0.79,6
forginator,1,2.0,1,23,0.79,6
ghostfaceuk,1,2.0,1,24,0.79,6
gr33ndrag0n,1,2.0,1,25,0.79,6
hagie,1,2.0,1,26,0.79,6
heliohash,1,2.0,1,27,0.79,6
jamiec79,1,2.0,1,28,0.79,6
jarunik,1,2.0,0,29,0.79,6
jiraffes,1,2.0,1,30,0.79,6
kiashaan,1,2.0,1,31,0.79,6
kolap,1,2.0,1,32,0.79,6
mody1996,1,2.0,0,33,0.79,6
mr.arklife,1,2.0,1,34,0.79,6
natalie,1,2.0,1,35,0.79,6
pitbull,1,2.0,1,36,0.79,6
rasputin,1,2.0,1,37,0.79,6
ravelou,1,2.0,1,38,0.79,6
realnoah,1,2.0,1,39,0.79,6
samuray,1,2.0,1,40,0.79,6
seatrips,1,2.0,1,41,0.79,6
sidzero,1,2.0,1,42,0.79,6
smartthings,1,2.0,0,43,0.79,6
someonesomeone,1,2.0,1,44,0.79,6
therock,1,2.0,1,45,0.79,6
tibonos,1,2.0,1,46,0.79,6
tintumon,1,2.0,1,47,0.79,6
toad,1,2.0,1,48,0.79,6
wes,1,2.0,1,49,0.79,6
xujian,1,2.0,1,50,0.79,6
zillion,1,2.0,0,51,0.79,6
acf,1,3.0,0,1,0.82,5
alphabit_fund,1,3.0,1,2,0.82,5
ararat,1,3.0,1,3,0.82,5
arc,1,3.0,1,4,0.82,5
ares,1,3.0,1,5,0.82,5
arkimedes,1,3.0,1,6,0.82,5
arknet,1,3.0,1,7,0.82,5
arkpool,1,3.0,1,8,0.82,5
arky,1,3.0,1,9,0.82,5
atreides_wannabe,1,3.0,1,10,0.82,5
axi,1,3.0,1,11,0.82,5
bangomatic,1,3.0,1,12,0.82,5
bbclubark,1,3.0,0,13,0.82,5
bioly,1,3.0,1,14,0.82,5
biz,1,3.0,0,15,0.82,5
chiiky_2,1,3.0,1,16,0.82,5
chris,1,3.0,0,17,0.82,5
corsaro,1,3.0,1,18,0.82,5
dafty,1,3.0,1,19,0.82,5
digitron,1,3.0,1,20,0.82,5
doc,1,3.0,1,21,0.82,5
doom,1,3.0,1,22,0.82,5
emotive_ark,1,3.0,1,23,0.82,5
forginator,1,3.0,1,24,0.82,5
ghostfaceuk,1,3.0,1,25,0.82,5
gr33ndrag0n,1,3.0,1,26,0.82,5
hagie,1,3.0,1,27,0.82,5
jamiec79,1,3.0,1,28,0.82,5
jarunik,1,3.0,1,29,0.82,5
jiraffes,1,3.0,1,30,0.82,5
kiashaan,1,3.0,1,31,0.82,5
kolap,1,3.0,1,32,0.82,5
mr.arklife,1,3.0,1,33,0.82,5
natalie,1,3.0,1,34,0.82,5
pitbull,1,3.0,1,35,0.82,5
quarkpool,1,3.0,0,36,0.82,5
rasputin,1,3.0,1,37,0.82,5
ravelou,1,3.0,1,38,0.82,5
realnoah,1,3.0,1,39,0.82,5
samuray,1,3.0,1,40,0.82,5
seatrips,1,3.0,1,41,0.82,5
sidzero,1,3.0,1,42,0.82,5
smartthings,1,3.0,1,43,0.82,5
someonesomeone,1,3.0,1,44,0.82,5
therock,1,3.0,1,45,0.82,5
tibonos,1,3.0,1,46,0.82,5
tintumon,1,3.0,1,47,0.82,5
toad,1,3.0,1,48,0.82,5
wes,1,3.0,1,49,0.82,5
xujian,1,3.0,1,50,0.82,5
zillion,1,3.0,1,51,0.82,5
acf,1,4.0,1,1,0.82,5
ararat,1,4.0,1,2,0.82,5
arc,1,4.0,1,3,0.82,5
ares,1,4.0,1,4,0.82,5
arkfuturesmartnode,1,4.0,0,5,0.82,5
arkimedes,1,4.0,1,6,0.82,5
arknet,1,4.0,1,7,0.82,5
arkpool,1,4.0,1,8,0.82,5
arky,1,4.0,1,9,0.82,5
axi,1,4.0,1,10,0.82,5
bangomatic,1,4.0,1,11,0.82,5
bbclubark,1,4.0,1,12,0.82,5
bioly,1,4.0,1,13,0.82,5
biz_classic,1,4.0,0,14,0.82,5
chiiky_2,1,4.0,1,15,0.82,5
chris,1,4.0,1,16,0.82,5
corsaro,1,4.0,1,17,0.82,5
dafty,1,4.0,1,18,0.82,5
digitron,1,4.0,1,19,0.82,5
doc,1,4.0,1,20,0.82,5
doom,1,4.0,1,21,0.82,5
dr10,1,4.0,0,22,0.82,5
emotive_ark,1,4.0,1,23,0.82,5
forginator,1,4.0,1,24,0.82,5
ghostfaceuk,1,4.0,1,25,0.82,5
gr33ndrag0n,1,4.0,1,26,0.82,5
hagie,1,4.0,1,27,0.82,5
hami,1,4.0,0,28,0.82,5
jamiec79,1,4.0,1,29,0.82,5
jarunik,1,4.0,1,30,0.82,5
kiashaan,1,4.0,1,31,0.82,5
kolap,1,4.0,1,32,0.82,5
mr.arklife,1,4.0,1,33,0.82,5
natalie,1,4.0,1,34,0.82,5
pieface,1,4.0,0,35,0.82,5
pitbull,1,4.0,1,36,0.82,5
quarkpool,1,4.0,1,37,0.82,5
rasputin,1,4.0,1,38,0.82,5
ravelou,1,4.0,1,39,0.82,5
realnoah,1,4.0,1,40,0.82,5
samuray,1,4.0,1,41,0.82,5
seatrips,1,4.0,1,42,0.82,5
sidzero,1,4.0,1,43,0.82,5
smartthings,1,4.0,1,44,0.82,5
someonesomeone,1,4.0,1,45,0.82,5
therock,1,4.0,1,46,0.82,5
tibonos,1,4.0,1,47,0.82,5
tintumon,1,4.0,1,48,0.82,5
wes,1,4.0,1,49,0.82,5
xujian,1,4.0,1,50,0.82,5
zillion,1,4.0,1,51,0.82,5
acf,1,5.0,1,1,0.73,5
alphabit_fund,1,5.0,1,2,0.73,5
arc,1,5.0,1,3,0.73,5
ares,1,5.0,1,4,0.73,5
arkgallery,1,5.0,0,5,0.73,5
arkimedes,1,5.0,1,6,0.73,5
arknet,1,5.0,1,7,0.73,5
arkpool,1,5.0,1,8,0.73,5
arky,1,5.0,1,9,0.73,5
axi,1,5.0,1,10,0.73,5
bangomatic,1,5.0,1,11,0.73,5
bbclubark,1,5.0,1,12,0.73,5
bioly,1,5.0,1,13,0.73,5
biz_classic,1,5.0,1,14,0.73,5
chiiky_2,1,5.0,1,15,0.73,5
chris,1,5.0,1,16,0.73,5
corsaro,1,5.0,1,17,0.73,5
dafty,1,5.0,1,18,0.73,5
digitron,1,5.0,1,19,0.73,5
doom,1,5.0,1,20,0.73,5
dr10,1,5.0,1,21,0.73,5
emotive_ark,1,5.0,1,22,0.73,5
forginator,1,5.0,1,23,0.73,5
ghostfaceuk,1,5.0,1,24,0.73,5
hami,1,5.0,1,25,0.73,5
jamiec79,1,5.0,1,26,0.73,5
jarunik,1,5.0,1,27,0.73,5
jiraffes,1,5.0,1,28,0.73,5
kiashaan,1,5.0,1,29,0.73,5
kolap,1,5.0,1,30,0.73,5
mr.arklife,1,5.0,1,31,0.73,5
natalie,1,5.0,1,32,0.73,5
pieface,1,5.0,1,33,0.73,5
pitbull,1,5.0,1,34,0.73,5
quarkpool,1,5.0,1,35,0.73,5
rasputin,1,5.0,1,36,0.73,5
ravelou,1,5.0,1,37,0.73,5
realnoah,1,5.0,1,38,0.73,5
ryano,1,5.0,0,39,0.73,5
samuray,1,5.0,1,40,0.73,5
seatrips,1,5.0,1,41,0.73,5
sharkpool,1,5.0,0,42,0.73,5
sidzero,1,5.0,1,43,0.73,5
someonesomeone,1,5.0,1,44,0.73,5
tibonos,1,5.0,1,45,0.73,5
tintumon,1,5.0,1,46,0.73,5
toad,1,5.0,1,47,0.73,5
wes,1,5.0,1,48,0.73,5
x.com,1,5.0,0,49,0.73,5
yin,1,5.0,0,50,0.73,5
zillion,1,5.0,1,51,0.73,5
acf,1,6.0,1,1,0.55,8
alphacapital,1,6.0,0,2,0.55,8
anamix,1,6.0,1,3,0.55,8
ares,1,6.0,1,4,0.55,8
arkgallery,1,6.0,1,5,0.55,8
arkpool,1,6.0,1,6,0.55,8
arkx,1,6.0,0,7,0.55,8
arky,1,6.0,1,8,0.55,8
atreides_wannabe,1,6.0,1,9,0.55,8
axi,1,6.0,1,10,0.55,8
bangomatic,1,6.0,1,11,0.55,8
bbclubark,1,6.0,1,12,0.55,8
bioly,1,6.0,1,13,0.55,8
biz_classic,1,6.0,1,14,0.55,8
boxpool,1,6.0,0,15,0.55,8
chris,1,6.0,1,16,0.55,8
corsaro,1,6.0,1,17,0.55,8
criptodogg,1,6.0,0,18,0.55,8
dafty,1,6.0,1,19,0.55,8
digitron,1,6.0,1,20,0.55,8
doc,1,6.0,1,21,0.55,8
doom,1,6.0,1,22,0.55,8
dutchdelegate,1,6.0,0,23,0.55,8
emotive_ark,1,6.0,1,24,0.55,8
forginator,1,6.0,1,25,0.55,8
ghostfaceuk,1,6.0,1,26,0.55,8
gr33ndrag0n,1,6.0,1,27,0.55,8
heliohash,1,6.0,1,28,0.55,8
jamiec79,1,6.0,1,29,0.55,8
jarunik,1,6.0,1,30,0.55,8
jiraffes,1,6.0,1,31,0.55,8
kiashaan,1,6.0,1,32,0.55,8
kolap,1,6.0,1,33,0.55,8
pieface,1,6.0,1,34,0.55,8
pitbull,1,6.0,1,35,0.55,8
quarkpool,1,6.0,1,36,0.55,8
rasputin,1,6.0,1,37,0.55,8
ravelou,1,6.0,1,38,0.55,8
reconnico,1,6.0,0,39,0.55,8
rob,1,6.0,0,40,0.55,8
ryano,1,6.0,1,41,0.55,8
samuray,1,6.0,1,42,0.55,8
sharkpool,1,6.0,1,43,0.55,8
smartthings,1,6.0,1,44,0.55,8
superstar,1,6.0,0,45,0.55,8
therock,1,6.0,1,46,0.55,8
tibonos,1,6.0,1,47,0.55,8
toad,1,6.0,1,48,0.55,8
wes,1,6.0,1,49,0.55,8
yin,1,6.0,1,50,0.55,8
zillion,1,6.0,1,51,0.55,8
acf,1,7.0,1,1,0.76,6
anamix,1,7.0,1,2,0.76,6
ares,1,7.0,1,3,0.76,6
arkgallery,1,7.0,1,4,0.76,6
arkpool,1,7.0,1,5,0.76,6
arkship,1,7.0,0,6,0.76,6
arkx,1,7.0,1,7,0.76,6
arky,1,7.0,1,8,0.76,6
atreides_wannabe,1,7.0,1,9,0.76,6
bangomatic,1,7.0,1,10,0.76,6
bbclubark,1,7.0,1,11,0.76,6
bioly,1,7.0,1,12,0.76,6
biz_classic,1,7.0,1,13,0.76,6
boxpool,1,7.0,1,14,0.76,6
calidelegate,1,7.0,0,15,0.76,6
chris,1,7.0,1,16,0.76,6
corsaro,1,7.0,1,17,0.76,6
criptodogg,1,7.0,1,18,0.76,6
dafty,1,7.0,1,19,0.76,6
del,1,7.0,0,20,0.76,6
digitron,1,7.0,1,21,0.76,6
doc,1,7.0,1,22,0.76,6
dr10,1,7.0,1,23,0.76,6
dutchdelegate,1,7.0,1,24,0.76,6
emotive_ark,1,7.0,1,25,0.76,6
forginator,1,7.0,1,26,0.76,6
ghostfaceuk,1,7.0,1,27,0.76,6
goose,1,7.0,0,28,0.76,6
jamiec79,1,7.0,1,29,0.76,6
jarunik,1,7.0,1,30,0.76,6
jiraffes,1,7.0,1,31,0.76,6
kiashaan,1,7.0,1,32,0.76,6
kolap,1,7.0,1,33,0.76,6
pieface,1,7.0,1,34,0.76,6
pitbull,1,7.0,1,35,0.76,6
quarkpool,1,7.0,1,36,0.76,6
rasputin,1,7.0,1,37,0.76,6
ravelou,1,7.0,1,38,0.76,6
reconnico,1,7.0,1,39,0.76,6
ryano,1,7.0,1,40,0.76,6
samuray,1,7.0,1,41,0.76,6
shaman,1,7.0,0,42,0.76,6
sharkark,1,7.0,0,43,0.76,6
sharkpool,1,7.0,1,44,0.76,6
smartthings,1,7.0,1,45,0.76,6
superstar,1,7.0,1,46,0.76,6
therock,1,7.0,1,47,0.76,6
tibonos,1,7.0,1,48,0.76,6
toad,1,7.0,1,49,0.76,6
wes,1,7.0,1,50,0.76,6
yin,1,7.0,1,51,0.76,6
acf,1,8.0,1,1,0.82,3
anamix,1,8.0,1,2,0.82,3
ares,1,8.0,1,3,0.82,3
arkgallery,1,8.0,1,4,0.82,3
arklord,1,8.0,0,5,0.82,3
arkmoon,1,8.0,0,6,0.82,3
arkpool,1,8.0,1,7,0.82,3
arkship,1,8.0,1,8,0.82,3
arkx,1,8.0,1,9,0.82,3
arky,1,8.0,1,10,0.82,3
atreides_wannabe,1,8.0,1,11,0.82,3
axi,1,8.0,1,12,0.82,3
bangomatic,1,8.0,1,13,0.82,3
bbclubark,1,8.0,1,14,0.82,3
bioly,1,8.0,1,15,0.82,3
biz_classic,1,8.0,1,16,0.82,3
biz_private,1,8.0,0,17,0.82,3
boxpool,1,8.0,1,18,0.82,3
calidelegate,1,8.0,1,19,0.82,3
chris,1,8.0,1,20,0.82,3
criptodogg,1,8.0,1,21,0.82,3
dafty,1,8.0,1,22,0.82,3
del,1,8.0,1,23,0.82,3
digitron,1,8.0,1,24,0.82,3
doc,1,8.0,1,25,0.82,3
doom,1,8.0,1,26,0.82,3
dr10,1,8.0,1,27,0.82,3
dutchdelegate,1,8.0,1,28,0.82,3
emotive_ark,1,8.0,1,29,0.82,3
forginator,1,8.0,1,30,0.82,3
ghostfaceuk,1,8.0,1,31,0.82,3
goose,1,8.0,1,32,0.82,3
jamiec79,1,8.0,1,33,0.82,3
jarunik,1,8.0,1,34,0.82,3
jiraffes,1,8.0,1,35,0.82,3
kolap,1,8.0,1,36,0.82,3
pieface,1,8.0,1,37,0.82,3
pitbull,1,8.0,1,38,0.82,3
quarkpool,1,8.0,1,39,0.82,3
rasputin,1,8.0,1,40,0.82,3
ravelou,1,8.0,1,41,0.82,3
reconnico,1,8.0,1,42,0.82,3
samuray,1,8.0,1,43,0.82,3
sharkark,1,8.0,1,44,0.82,3
sharkpool,1,8.0,1,45,0.82,3
superstar,1,8.0,1,46,0.82,3
therock,1,8.0,1,47,0.82,3
tibonos,1,8.0,1,48,0.82,3
toad,1,8.0,1,49,0.82,3
wes,1,8.0,1,50,0.82,3
yin,1,8.0,1,51,0.82,3
anamix,1,9.0,1,1,0.76,5
ares,1,9.0,1,2,0.76,5
arkane,1,9.0,0,3,0.76,5
arkgallery,1,9.0,1,4,0.76,5
arkland,1,9.0,0,5,0.76,5
arkmoon,1,9.0,1,6,0.76,5
arknet,1,9.0,1,7,0.76,5
arkpool,1,9.0,1,8,0.76,5
arkship,1,9.0,1,9,0.76,5
arkx,1,9.0,1,10,0.76,5
arky,1,9.0,1,11,0.76,5
axi,1,9.0,1,12,0.76,5
bbclubark,1,9.0,1,13,0.76,5
bioly,1,9.0,1,14,0.76,5
biz_classic,1,9.0,1,15,0.76,5
biz_private,1,9.0,1,16,0.76,5
calidelegate,1,9.0,1,17,0.76,5
chris,1,9.0,1,18,0.76,5
criptodogg,1,9.0,1,19,0.76,5
dafty,1,9.0,1,20,0.76,5
del,1,9.0,1,21,0.76,5
digitron,1,9.0,1,22,0.76,5
doc,1,9.0,1,23,0.76,5
doom,1,9.0,1,24,0.76,5
dr10,1,9.0,1,25,0.76,5
dutchdelegate,1,9.0,1,26,0.76,5
emotive_ark,1,9.0,1,27,0.76,5
forginator,1,9.0,1,28,0.76,5
ghostfaceuk,1,9.0,1,29,0.76,5
goose,1,9.0,1,30,0.76,5
hippopotamus,1,9.0,0,31,0.76,5
jamiec79,1,9.0,1,32,0.76,5
jarunik,1,9.0,1,33,0.76,5
kolap,1,9.0,1,34,0.76,5
ozpooldelegate,1,9.0,0,35,0.76,5
pieface,1,9.0,1,36,0.76,5
pitbull,1,9.0,1,37,0.76,5
quarkpool,1,9.0,1,38,0.76,5
rasputin,1,9.0,1,39,0.76,5
ravelou,1,9.0,1,40,0.76,5
ryano,1,9.0,1,41,0.76,5
samuray,1,9.0,1,42,0.76,5
sharkark,1,9.0,1,43,0.76,5
sharkpool,1,9.0,1,44,0.76,5
superstar,1,9.0,1,45,0.76,5
thefoundry,1,9.0,0,46,0.76,5
therock,1,9.0,1,47,0.76,5
tibonos,1,9.0,1,48,0.76,5
toad,1,9.0,1,49,0.76,5
wes,1,9.0,1,50,0.76,5
yin,1,9.0,1,51,0.76,5
anamix,1,10.0,1,1,0.96,1
ares,1,10.0,1,2,0.96,1
arkane,1,10.0,1,3,0.96,1
arkgallery,1,10.0,1,4,0.96,1
arkland,1,10.0,1,5,0.96,1
arkmoon,1,10.0,1,6,0.96,1
arknet,1,10.0,1,7,0.96,1
arkpool,1,10.0,1,8,0.96,1
arkship,1,10.0,1,9,0.96,1
arkworld,1,10.0,0,10,0.96,1
arkx,1,10.0,1,11,0.96,1
arky,1,10.0,1,12,0.96,1
axi,1,10.0,1,13,0.96,1
bbclubark,1,10.0,1,14,0.96,1
bioly,1,10.0,1,15,0.96,1
biz_classic,1,10.0,1,16,0.96,1
biz_private,1,10.0,1,17,0.96,1
calidelegate,1,10.0,1,18,0.96,1
chris,1,10.0,1,19,0.96,1
criptodogg,1,10.0,1,20,0.96,1
dafty,1,10.0,1,21,0.96,1
del,1,10.0,1,22,0.96,1
doc,1,10.0,1,23,0.96,1
doom,1,10.0,1,24,0.96,1
dr10,1,10.0,1,25,0.96,1
dutchdelegate,1,10.0,1,26,0.96,1
emotive_ark,1,10.0,1,27,0.96,1
forginator,1,10.0,1,28,0.96,1
ghostfaceuk,1,10.0,1,29,0.96,1
goose,1,10.0,1,30,0.96,1
hippopotamus,1,10.0,1,31,0.96,1
jamiec79,1,10.0,1,32,0.96,1
jarunik,1,10.0,1,33,0.96,1
kolap,1,10.0,1,34,0.96,1
ozpooldelegate,1,10.0,1,35,0.96,1
pieface,1,10.0,1,36,0.96,1
pitbull,1,10.0,1,37,0.96,1
quarkpool,1,10.0,1,38,0.96,1
rasputin,1,10.0,1,39,0.96,1
ravelou,1,10.0,1,40,0.96,1
ryano,1,10.0,1,41,0.96,1
samuray,1,10.0,1,42,0.96,1
sharkark,1,10.0,1,43,0.96,1
sharkpool,1,10.0,1,44,0.96,1
superstar,1,10.0,1,45,0.96,1
thefoundry,1,10.0,1,46,0.96,1
therock,1,10.0,1,47,0.96,1
tibonos,1,10.0,1,48,0.96,1
toad,1,10.0,1,49,0.96,1
wes,1,10.0,1,50,0.96,1
yin,1,10.0,1,51,0.96,1
anamix,1,11.0,1,1,1.0,0
ares,1,11.0,1,2,1.0,0
arkane,1,11.0,1,3,1.0,0
arkgallery,1,11.0,1,4,1.0,0
arkland,1,11.0,1,5,1.0,0
arkmoon,1,11.0,1,6,1.0,0
arknet,1,11.0,1,7,1.0,0
arkpool,1,11.0,1,8,1.0,0
arkship,1,11.0,1,9,1.0,0
arkworld,1,11.0,1,10,1.0,0
arkx,1,11.0,1,11,1.0,0
arky,1,11.0,1,12,1.0,0
axi,1,11.0,1,13,1.0,0
bbclubark,1,11.0,1,14,1.0,0
bioly,1,11.0,1,15,1.0,0
biz_classic,1,11.0,1,16,1.0,0
biz_private,1,11.0,1,17,1.0,0
calidelegate,1,11.0,1,18,1.0,0
chris,1,11.0,1,19,1.0,0
criptodogg,1,11.0,1,20,1.0,0
dafty,1,11.0,1,21,1.0,0
del,1,11.0,1,22,1.0,0
doc,1,11.0,1,23,1.0,0
doom,1,11.0,1,24,1.0,0
dr10,1,11.0,1,25,1.0,0
dutchdelegate,1,11.0,1,26,1.0,0
emotive_ark,1,11.0,1,27,1.0,0
forginator,1,11.0,1,28,1.0,0
ghostfaceuk,1,11.0,1,29,1.0,0
goose,1,11.0,1,30,1.0,0
hippopotamus,1,11.0,1,31,1.0,0
jamiec79,1,11.0,1,32,1.0,0
jarunik,1,11.0,1,33,1.0,0
kolap,1,11.0,1,34,1.0,0
ozpooldelegate,1,11.0,1,35,1.0,0
pieface,1,11.0,1,36,1.0,0
pitbull,1,11.0,1,37,1.0,0
quarkpool,1,11.0,1,38,1.0,0
rasputin,1,11.0,1,39,1.0,0
ravelou,1,11.0,1,40,1.0,0
ryano,1,11.0,1,41,1.0,0
samuray,1,11.0,1,42,1.0,0
sharkark,1,11.0,1,43,1.0,0
sharkpool,1,11.0,1,44,1.0,0
superstar,1,11.0,1,45,1.0,0
thefoundry,1,11.0,1,46,1.0,0
therock,1,11.0,1,47,1.0,0
tibonos,1,11.0,1,48,1.0,0
toad,1,11.0,1,49,1.0,0
wes,1,11.0,1,50,1.0,0
yin,1,11.0,1,51,1.0,0
ares,1,12.0,1,1,0.89,3
arkade_delegate,1,12.0,0,2,0.89,3
arkane,1,12.0,1,3,0.89,3
arkgallery,1,12.0,1,4,0.89,3
arkland,1,12.0,1,5,0.89,3
arkmoon,1,12.0,1,6,0.89,3
arknet,1,12.0,1,7,0.89,3
arkpool,1,12.0,1,8,0.89,3
arkship,1,12.0,1,9,0.89,3
arkworld,1,12.0,1,10,0.89,3
arkx,1,12.0,1,11,0.89,3
arky,1,12.0,1,12,0.89,3
axi,1,12.0,1,13,0.89,3
bbclubark,1,12.0,1,14,0.89,3
bioly,1,12.0,1,15,0.89,3
biz_classic,1,12.0,1,16,0.89,3
biz_private,1,12.0,1,17,0.89,3
calidelegate,1,12.0,1,18,0.89,3
chris,1,12.0,1,19,0.89,3
dafty,1,12.0,1,20,0.89,3
del,1,12.0,1,21,0.89,3
doc,1,12.0,1,22,0.89,3
doom,1,12.0,1,23,0.89,3
dr10,1,12.0,1,24,0.89,3
dutchdelegate,1,12.0,1,25,0.89,3
emotive_ark,1,12.0,1,26,0.89,3
forginator,1,12.0,1,27,0.89,3
ghostfaceuk,1,12.0,1,28,0.89,3
goose,1,12.0,1,29,0.89,3
hippopotamus,1,12.0,1,30,0.89,3
jamiec79,1,12.0,1,31,0.89,3
jarunik,1,12.0,1,32,0.89,3
kolap,1,12.0,1,33,0.89,3
locama,1,12.0,0,34,0.89,3
ozpooldelegate,1,12.0,1,35,0.89,3
pieface,1,12.0,1,36,0.89,3
pitbull,1,12.0,1,37,0.89,3
provolve,1,12.0,0,38,0.89,3
quarkpool,1,12.0,1,39,0.89,3
rasputin,1,12.0,1,40,0.89,3
ravelou,1,12.0,1,41,0.89,3
samuray,1,12.0,1,42,0.89,3
sharkark,1,12.0,1,43,0.89,3
sharkpool,1,12.0,1,44,0.89,3
superstar,1,12.0,1,45,0.89,3
thefoundry,1,12.0,1,46,0.89,3
therock,1,12.0,1,47,0.89,3
tibonos,1,12.0,1,48,0.89,3
toad,1,12.0,1,49,0.89,3
wes,1,12.0,1,50,0.89,3
yin,1,12.0,1,51,0.89,3
ares,1,13.0,1,1,0.96,1
arkade_delegate,1,13.0,1,2,0.96,1
arkane,1,13.0,1,3,0.96,1
arkgallery,1,13.0,1,4,0.96,1
arkland,1,13.0,1,5,0.96,1
arkmoon,1,13.0,1,6,0.96,1
arknet,1,13.0,1,7,0.96,1
arkoar.group,1,13.0,0,8,0.96,1
arkpool,1,13.0,1,9,0.96,1
arkship,1,13.0,1,10,0.96,1
arkworld,1,13.0,1,11,0.96,1
arkx,1,13.0,1,12,0.96,1
arky,1,13.0,1,13,0.96,1
axi,1,13.0,1,14,0.96,1
bbclubark,1,13.0,1,15,0.96,1
bioly,1,13.0,1,16,0.96,1
biz_classic,1,13.0,1,17,0.96,1
biz_private,1,13.0,1,18,0.96,1
calidelegate,1,13.0,1,19,0.96,1
chris,1,13.0,1,20,0.96,1
dafty,1,13.0,1,21,0.96,1
del,1,13.0,1,22,0.96,1
doc,1,13.0,1,23,0.96,1
dr10,1,13.0,1,24,0.96,1
dutchdelegate,1,13.0,1,25,0.96,1
emotive_ark,1,13.0,1,26,0.96,1
forginator,1,13.0,1,27,0.96,1
ghostfaceuk,1,13.0,1,28,0.96,1
goose,1,13.0,1,29,0.96,1
hippopotamus,1,13.0,1,30,0.96,1
jamiec79,1,13.0,1,31,0.96,1
jarunik,1,13.0,1,32,0.96,1
kolap,1,13.0,1,33,0.96,1
locama,1,13.0,1,34,0.96,1
ozpooldelegate,1,13.0,1,35,0.96,1
pieface,1,13.0,1,36,0.96,1
pitbull,1,13.0,1,37,0.96,1
provolve,1,13.0,1,38,0.96,1
quarkpool,1,13.0,1,39,0.96,1
rasputin,1,13.0,1,40,0.96,1
ravelou,1,13.0,1,41,0.96,1
samuray,1,13.0,1,42,0.96,1
sharkark,1,13.0,1,43,0.96,1
sharkpool,1,13.0,1,44,0.96,1
superstar,1,13.0,1,45,0.96,1
thefoundry,1,13.0,1,46,0.96,1
therock,1,13.0,1,47,0.96,1
tibonos,1,13.0,1,48,0.96,1
toad,1,13.0,1,49,0.96,1
wes,1,13.0,1,50,0.96,1
yin,1,13.0,1,51,0.96,1
ares,1,14.0,1,1,0.96,1
arkade_delegate,1,14.0,1,2,0.96,1
arkane,1,14.0,1,3,0.96,1
arkgallery,1,14.0,1,4,0.96,1
arkland,1,14.0,1,5,0.96,1
arkmoon,1,14.0,1,6,0.96,1
arknet,1,14.0,1,7,0.96,1
arkoar.group,1,14.0,1,8,0.96,1
arkpool,1,14.0,1,9,0.96,1
arkship,1,14.0,1,10,0.96,1
arkworld,1,14.0,1,11,0.96,1
arkx,1,14.0,1,12,0.96,1
arky,1,14.0,1,13,0.96,1
bbclubark,1,14.0,1,14,0.96,1
bioly,1,14.0,1,15,0.96,1
biz_classic,1,14.0,1,16,0.96,1
biz_private,1,14.0,1,17,0.96,1
calidelegate,1,14.0,1,18,0.96,1
chris,1,14.0,1,19,0.96,1
dafty,1,14.0,1,20,0.96,1
deadlock,1,14.0,0,21,0.96,1
del,1,14.0,1,22,0.96,1
doc,1,14.0,1,23,0.96,1
dr10,1,14.0,1,24,0.96,1
dutchdelegate,1,14.0,1,25,0.96,1
emotive_ark,1,14.0,1,26,0.96,1
forginator,1,14.0,1,27,0.96,1
ghostfaceuk,1,14.0,1,28,0.96,1
goose,1,14.0,1,29,0.96,1
hippopotamus,1,14.0,1,30,0.96,1
jamiec79,1,14.0,1,31,0.96,1
jarunik,1,14.0,1,32,0.96,1
kolap,1,14.0,1,33,0.96,1
locama,1,14.0,1,34,0.96,1
ozpooldelegate,1,14.0,1,35,0.96,1
pieface,1,14.0,1,36,0.96,1
pitbull,1,14.0,1,37,0.96,1
provolve,1,14.0,1,38,0.96,1
quarkpool,1,14.0,1,39,0.96,1
rasputin,1,14.0,1,40,0.96,1
ravelou,1,14.0,1,41,0.96,1
samuray,1,14.0,1,42,0.96,1
sharkark,1,14.0,1,43,0.96,1
sharkpool,1,14.0,1,44,0.96,1
superstar,1,14.0,1,45,0.96,1
thefoundry,1,14.0,1,46,0.96,1
therock,1,14.0,1,47,0.96,1
tibonos,1,14.0,1,48,0.96,1
toad,1,14.0,1,49,0.96,1
wes,1,14.0,1,50,0.96,1
yin,1,14.0,1,51,0.96,1
ares,1,15.0,1,1,0.96,1
ark.business,1,15.0,0,2,0.96,1
arkade_delegate,1,15.0,1,3,0.96,1
arkane,1,15.0,1,4,0.96,1
arkgallery,1,15.0,1,5,0.96,1
arkland,1,15.0,1,6,0.96,1
arkmoon,1,15.0,1,7,0.96,1
arknet,1,15.0,1,8,0.96,1
arkoar.group,1,15.0,1,9,0.96,1
arkpool,1,15.0,1,10,0.96,1
arkship,1,15.0,1,11,0.96,1
arkworld,1,15.0,1,12,0.96,1
arkx,1,15.0,1,13,0.96,1
arky,1,15.0,1,14,0.96,1
bbclubark,1,15.0,1,15,0.96,1
bioly,1,15.0,1,16,0.96,1
biz_classic,1,15.0,1,17,0.96,1
biz_private,1,15.0,1,18,0.96,1
calidelegate,1,15.0,1,19,0.96,1
chris,1,15.0,1,20,0.96,1
dafty,1,15.0,1,21,0.96,1
deadlock,1,15.0,1,22,0.96,1
del,1,15.0,1,23,0.96,1
doc,1,15.0,1,24,0.96,1
dr10,1,15.0,1,25,0.96,1
dutchdelegate,1,15.0,1,26,0.96,1
emotive_ark,1,15.0,1,27,0.96,1
forginator,1,15.0,1,28,0.96,1
ghostfaceuk,1,15.0,1,29,0.96,1
goose,1,15.0,1,30,0.96,1
hippopotamus,1,15.0,1,31,0.96,1
jamiec79,1,15.0,1,32,0.96,1
jarunik,1,15.0,1,33,0.96,1
kolap,1,15.0,1,34,0.96,1
locama,1,15.0,1,35,0.96,1
ozpooldelegate,1,15.0,1,36,0.96,1
pieface,1,15.0,1,37,0.96,1
pitbull,1,15.0,1,38,0.96,1
provolve,1,15.0,1,39,0.96,1
quarkpool,1,15.0,1,40,0.96,1
rasputin,1,15.0,1,41,0.96,1
ravelou,1,15.0,1,42,0.96,1
samuray,1,15.0,1,43,0.96,1
sharkark,1,15.0,1,44,0.96,1
superstar,1,15.0,1,45,0.96,1
thefoundry,1,15.0,1,46,0.96,1
therock,1,15.0,1,47,0.96,1
tibonos,1,15.0,1,48,0.96,1
toad,1,15.0,1,49,0.96,1
wes,1,15.0,1,50,0.96,1
yin,1,15.0,1,51,0.96,1
ares,1,16.0,1,1,0.96,0
ark.business,1,16.0,1,2,0.96,0
arkade_delegate,1,16.0,1,3,0.96,0
arkane,1,16.0,1,4,0.96,0
arkgallery,1,16.0,1,5,0.96,0
arkland,1,16.0,1,6,0.96,0
arkmoon,1,16.0,1,7,0.96,0
arknet,1,16.0,1,8,0.96,0
arkoar.group,1,16.0,1,9,0.96,0
arkpool,1,16.0,1,10,0.96,0
arkship,1,16.0,1,11,0.96,0
arkworld,1,16.0,1,12,0.96,0
arkx,1,16.0,1,13,0.96,0
arky,1,16.0,1,14,0.96,0
axi,1,16.0,1,15,0.96,0
bbclubark,1,16.0,1,16,0.96,0
bioly,1,16.0,1,17,0.96,0
biz_classic,1,16.0,1,18,0.96,0
biz_private,1,16.0,1,19,0.96,0
calidelegate,1,16.0,1,20,0.96,0
chris,1,16.0,1,21,0.96,0
dafty,1,16.0,1,22,0.96,0
deadlock,1,16.0,1,23,0.96,0
del,1,16.0,1,24,0.96,0
doc,1,16.0,1,25,0.96,0
dr10,1,16.0,1,26,0.96,0
dutchdelegate,1,16.0,1,27,0.96,0
emotive_ark,1,16.0,1,28,0.96,0
forginator,1,16.0,1,29,0.96,0
ghostfaceuk,1,16.0,1,30,0.96,0
goose,1,16.0,1,31,0.96,0
hippopotamus,1,16.0,1,32,0.96,0
jarunik,1,16.0,1,33,0.96,0
kolap,1,16.0,1,34,0.96,0
locama,1,16.0,1,35,0.96,0
ozpooldelegate,1,16.0,1,36,0.96,0
pieface,1,16.0,1,37,0.96,0
pitbull,1,16.0,1,38,0.96,0
provolve,1,16.0,1,39,0.96,0
quarkpool,1,16.0,1,40,0.96,0
rasputin,1,16.0,1,41,0.96,0
ravelou,1,16.0,1,42,0.96,0
samuray,1,16.0,1,43,0.96,0
sharkark,1,16.0,1,44,0.96,0
superstar,1,16.0,1,45,0.96,0
thefoundry,1,16.0,1,46,0.96,0
therock,1,16.0,1,47,0.96,0
tibonos,1,16.0,1,48,0.96,0
toad,1,16.0,1,49,0.96,0
wes,1,16.0,1,50,0.96,0
yin,1,16.0,1,51,0.96,0
ares,1,17.0,1,1,0.85,4
ark.business,1,17.0,1,2,0.85,4
arkade_delegate,1,17.0,1,3,0.85,4
arkane,1,17.0,1,4,0.85,4
arkgallery,1,17.0,1,5,0.85,4
arkland,1,17.0,1,6,0.85,4
arkmoon,1,17.0,1,7,0.85,4
arknet,1,17.0,1,8,0.85,4
arkoar.group,1,17.0,1,9,0.85,4
arkpool,1,17.0,1,10,0.85,4
arkship,1,17.0,1,11,0.85,4
arkworld,1,17.0,1,12,0.85,4
arkx,1,17.0,1,13,0.85,4
arky,1,17.0,1,14,0.85,4
axi,1,17.0,1,15,0.85,4
bbclubark,1,17.0,1,16,0.85,4
bioly,1,17.0,1,17,0.85,4
biz_classic,1,17.0,1,18,0.85,4
biz_private,1,17.0,1,19,0.85,4
calidelegate,1,17.0,1,20,0.85,4
chris,1,17.0,1,21,0.85,4
cryptology,1,17.0,0,22,0.85,4
dafty,1,17.0,1,23,0.85,4
deadlock,1,17.0,1,24,0.85,4
del,1,17.0,1,25,0.85,4
doc,1,17.0,1,26,0.85,4
dr10,1,17.0,1,27,0.85,4
dutchdelegate,1,17.0,1,28,0.85,4
emotive_ark,1,17.0,1,29,0.85,4
fun,1,17.0,0,30,0.85,4
ghostfaceuk,1,17.0,1,31,0.85,4
goose,1,17.0,1,32,0.85,4
hippopotamus,1,17.0,1,33,0.85,4
itsanametoo,1,17.0,0,34,0.85,4
jarunik,1,17.0,1,35,0.85,4
kolap,1,17.0,1,36,0.85,4
locama,1,17.0,1,37,0.85,4
pieface,1,17.0,1,38,0.85,4
pitbull,1,17.0,1,39,0.85,4
quarkpool,1,17.0,1,40,0.85,4
rasputin,1,17.0,1,41,0.85,4
ravelou,1,17.0,1,42,0.85,4
samuray,1,17.0,1,43,0.85,4
superstar,1,17.0,1,44,0.85,4
thefoundry,1,17.0,1,45,0.85,4
thegoldenhorde,1,17.0,0,46,0.85,4
therock,1,17.0,1,47,0.85,4
tibonos,1,17.0,1,48,0.85,4
toad,1,17.0,1,49,0.85,4
wes,1,17.0,1,50,0.85,4
yin,1,17.0,1,51,0.85,4
ares,1,18.0,1,1,0.96,1
ark.business,1,18.0,1,2,0.96,1
arkade_delegate,1,18.0,1,3,0.96,1
arkane,1,18.0,1,4,0.96,1
arkgallery,1,18.0,1,5,0.96,1
arkland,1,18.0,1,6,0.96,1
arkmoon,1,18.0,1,7,0.96,1
arknet,1,18.0,1,8,0.96,1
arkoar.group,1,18.0,1,9,0.96,1
arkpool,1,18.0,1,10,0.96,1
arkship,1,18.0,1,11,0.96,1
arkworld,1,18.0,1,12,0.96,1
arkx,1,18.0,1,13,0.96,1
arky,1,18.0,1,14,0.96,1
axi,1,18.0,1,15,0.96,1
bbclubark,1,18.0,1,16,0.96,1
bioly,1,18.0,1,17,0.96,1
biz_classic,1,18.0,1,18,0.96,1
biz_private,1,18.0,1,19,0.96,1
calidelegate,1,18.0,1,20,0.96,1
chris,1,18.0,1,21,0.96,1
cryptology,1,18.0,1,22,0.96,1
dafty,1,18.0,1,23,0.96,1
deadlock,1,18.0,1,24,0.96,1
del,1,18.0,1,25,0.96,1
doc,1,18.0,1,26,0.96,1
dr10,1,18.0,1,27,0.96,1
dutchdelegate,1,18.0,1,28,0.96,1
emotive_ark,1,18.0,1,29,0.96,1
fun,1,18.0,1,30,0.96,1
ghostfaceuk,1,18.0,1,31,0.96,1
goose,1,18.0,1,32,0.96,1
hippopotamus,1,18.0,1,33,0.96,1
itsanametoo,1,18.0,1,34,0.96,1
jarunik,1,18.0,1,35,0.96,1
kolap,1,18.0,1,36,0.96,1
locama,1,18.0,1,37,0.96,1
pieface,1,18.0,1,38,0.96,1
pitbull,1,18.0,1,39,0.96,1
quarkpool,1,18.0,1,40,0.96,1
rasputin,1,18.0,1,41,0.96,1
ravelou,1,18.0,1,42,0.96,1
samuray,1,18.0,1,43,0.96,1
superstar,1,18.0,1,44,0.96,1
thefoundry,1,18.0,1,45,0.96,1
thegoldenhorde,1,18.0,1,46,0.96,1
therock,1,18.0,1,47,0.96,1
tibonos,1,18.0,1,48,0.96,1
toad,1,18.0,1,49,0.96,1
united,1,18.0,0,50,0.96,1
yin,1,18.0,1,51,0.96,1
ares,1,19.0,1,1,0.89,3
ark.business,1,19.0,1,2,0.89,3
arkade_delegate,1,19.0,1,3,0.89,3
arkane,1,19.0,1,4,0.89,3
arkgallery,1,19.0,1,5,0.89,3
arkland,1,19.0,1,6,0.89,3
arkmoon,1,19.0,1,7,0.89,3
arknet,1,19.0,1,8,0.89,3
arkoar.group,1,19.0,1,9,0.89,3
arkpool,1,19.0,1,10,0.89,3
arkship,1,19.0,1,11,0.89,3
arkworld,1,19.0,1,12,0.89,3
arkx,1,19.0,1,13,0.89,3
arky,1,19.0,1,14,0.89,3
axi,1,19.0,1,15,0.89,3
bbclubark,1,19.0,1,16,0.89,3
bioly,1,19.0,1,17,0.89,3
biz_classic,1,19.0,1,18,0.89,3
biz_private,1,19.0,1,19,0.89,3
calidelegate,1,19.0,1,20,0.89,3
chris,1,19.0,1,21,0.89,3
cryptology,1,19.0,1,22,0.89,3
dafty,1,19.0,1,23,0.89,3
deadlock,1,19.0,1,24,0.89,3
del,1,19.0,1,25,0.89,3
doc,1,19.0,1,26,0.89,3
dutchdelegate,1,19.0,1,27,0.89,3
emotive_ark,1,19.0,1,28,0.89,3
fun,1,19.0,1,29,0.89,3
geops,1,19.0,0,30,0.89,3
ghostfaceuk,1,19.0,1,31,0.89,3
goose,1,19.0,1,32,0.89,3
hippopotamus,1,19.0,1,33,0.89,3
itsanametoo,1,19.0,1,34,0.89,3
jarunik,1,19.0,1,35,0.89,3
kolap,1,19.0,1,36,0.89,3
pieface,1,19.0,1,37,0.89,3
pierce,1,19.0,0,38,0.89,3
pitbull,1,19.0,1,39,0.89,3
quarkpool,1,19.0,1,40,0.89,3
rasputin,1,19.0,1,41,0.89,3
ravelou,1,19.0,1,42,0.89,3
rising_sun,1,19.0,0,43,0.89,3
samuray,1,19.0,1,44,0.89,3
superstar,1,19.0,1,45,0.89,3
thefoundry,1,19.0,1,46,0.89,3
thegoldenhorde,1,19.0,1,47,0.89,3
therock,1,19.0,1,48,0.89,3
tibonos,1,19.0,1,49,0.89,3
toad,1,19.0,1,50,0.89,3
yin,1,19.0,1,51,0.89,3
ares,1,20.0,1,1,0.89,3
ark.business,1,20.0,1,2,0.89,3
arkade_delegate,1,20.0,1,3,0.89,3
arkane,1,20.0,1,4,0.89,3
arkgallery,1,20.0,1,5,0.89,3
arkland,1,20.0,1,6,0.89,3
arkmoon,1,20.0,1,7,0.89,3
arknet,1,20.0,1,8,0.89,3
arkoar.group,1,20.0,1,9,0.89,3
arkpool,1,20.0,1,10,0.89,3
arkship,1,20.0,1,11,0.89,3
arkworld,1,20.0,1,12,0.89,3
arkx,1,20.0,1,13,0.89,3
arky,1,20.0,1,14,0.89,3
bbclubark,1,20.0,1,15,0.89,3
bioly,1,20.0,1,16,0.89,3
biz_classic,1,20.0,1,17,0.89,3
biz_private,1,20.0,1,18,0.89,3
calidelegate,1,20.0,1,19,0.89,3
cams_yellow_jacket,1,20.0,0,20,0.89,3
chris,1,20.0,1,21,0.89,3
cryptology,1,20.0,1,22,0.89,3
dafty,1,20.0,1,23,0.89,3
deadlock,1,20.0,1,24,0.89,3
del,1,20.0,1,25,0.89,3
doc,1,20.0,1,26,0.89,3
dutchdelegate,1,20.0,1,27,0.89,3
emotive_ark,1,20.0,1,28,0.89,3
fun,1,20.0,1,29,0.89,3
geops,1,20.0,1,30,0.89,3
ghostfaceuk,1,20.0,1,31,0.89,3
goose,1,20.0,1,32,0.89,3
hippopotamus,1,20.0,1,33,0.89,3
itsanametoo,1,20.0,1,34,0.89,3
jarunik,1,20.0,1,35,0.89,3
kolap,1,20.0,1,36,0.89,3
mak,1,20.0,0,37,0.89,3
pieface,1,20.0,1,38,0.89,3
pitbull,1,20.0,1,39,0.89,3
quarkpool,1,20.0,1,40,0.89,3
rasputin,1,20.0,1,41,0.89,3
ravelou,1,20.0,1,42,0.89,3
rising_sun,1,20.0,1,43,0.89,3
safu,1,20.0,0,44,0.89,3
samuray,1,20.0,1,45,0.89,3
superstar,1,20.0,1,46,0.89,3
thefoundry,1,20.0,1,47,0.89,3
thegoldenhorde,1,20.0,1,48,0.89,3
therock,1,20.0,1,49,0.89,3
toad,1,20.0,1,50,0.89,3
yin,1,20.0,1,51,0.89,3
ares,1,21.0,1,1,0.96,0
ark.business,1,21.0,1,2,0.96,0
arkade_delegate,1,21.0,1,3,0.96,0
arkane,1,21.0,1,4,0.96,0
arkgallery,1,21.0,1,5,0.96,0
arkland,1,21.0,1,6,0.96,0
arkmoon,1,21.0,1,7,0.96,0
arknet,1,21.0,1,8,0.96,0
arkoar.group,1,21.0,1,9,0.96,0
arkpool,1,21.0,1,10,0.96,0
arkship,1,21.0,1,11,0.96,0
arkworld,1,21.0,1,12,0.96,0
arkx,1,21.0,1,13,0.96,0
arky,1,21.0,1,14,0.96,0
bbclubark,1,21.0,1,15,0.96,0
bioly,1,21.0,1,16,0.96,0
biz_classic,1,21.0,1,17,0.96,0
biz_private,1,21.0,1,18,0.96,0
calidelegate,1,21.0,1,19,0.96,0
cams_yellow_jacket,1,21.0,1,20,0.96,0
cryptology,1,21.0,1,21,0.96,0
dafty,1,21.0,1,22,0.96,0
deadlock,1,21.0,1,23,0.96,0
del,1,21.0,1,24,0.96,0
doc,1,21.0,1,25,0.96,0
dutchdelegate,1,21.0,1,26,0.96,0
emotive_ark,1,21.0,1,27,0.96,0
fun,1,21.0,1,28,0.96,0
geops,1,21.0,1,29,0.96,0
ghostfaceuk,1,21.0,1,30,0.96,0
goose,1,21.0,1,31,0.96,0
hippopotamus,1,21.0,1,32,0.96,0
itsanametoo,1,21.0,1,33,0.96,0
jarunik,1,21.0,1,34,0.96,0
kolap,1,21.0,1,35,0.96,0
mak,1,21.0,1,36,0.96,0
pieface,1,21.0,1,37,0.96,0
pitbull,1,21.0,1,38,0.96,0
quarkpool,1,21.0,1,39,0.96,0
rasputin,1,21.0,1,40,0.96,0
ravelou,1,21.0,1,41,0.96,0
rising_sun,1,21.0,1,42,0.96,0
safu,1,21.0,1,43,0.96,0
samuray,1,21.0,1,44,0.96,0
superstar,1,21.0,1,45,0.96,0
thefoundry,1,21.0,1,46,0.96,0
thegoldenhorde,1,21.0,1,47,0.96,0
therock,1,21.0,1,48,0.96,0
tibonos,1,21.0,1,49,0.96,0
toad,1,21.0,1,50,0.96,0
yin,1,21.0,1,51,0.96,0
ares,1,22.0,1,1,0.89,2
ark.business,1,22.0,1,2,0.89,2
arkane,1,22.0,1,3,0.89,2
arkgallery,1,22.0,1,4,0.89,2
arkland,1,22.0,1,5,0.89,2
arkmoon,1,22.0,1,6,0.89,2
arknet,1,22.0,1,7,0.89,2
arkoar.group,1,22.0,1,8,0.89,2
arkpool,1,22.0,1,9,0.89,2
arkship,1,22.0,1,10,0.89,2
arkworld,1,22.0,1,11,0.89,2
arkx,1,22.0,1,12,0.89,2
arky,1,22.0,1,13,0.89,2
bioly,1,22.0,1,14,0.89,2
biz_classic,1,22.0,1,15,0.89,2
biz_private,1,22.0,1,16,0.89,2
calidelegate,1,22.0,1,17,0.89,2
cams_yellow_jacket,1,22.0,1,18,0.89,2
civseed,1,22.0,0,19,0.89,2
cryptology,1,22.0,1,20,0.89,2
dated,1,22.0,0,21,0.89,2
deadlock,1,22.0,1,22,0.89,2
del,1,22.0,1,23,0.89,2
doc,1,22.0,1,24,0.89,2
dutchdelegate,1,22.0,1,25,0.89,2
emotive_ark,1,22.0,1,26,0.89,2
fun,1,22.0,1,27,0.89,2
geops,1,22.0,1,28,0.89,2
ghostfaceuk,1,22.0,1,29,0.89,2
goose,1,22.0,1,30,0.89,2
hippopotamus,1,22.0,1,31,0.89,2
itsanametoo,1,22.0,1,32,0.89,2
jarunik,1,22.0,1,33,0.89,2
kolap,1,22.0,1,34,0.89,2
mak,1,22.0,1,35,0.89,2
pieface,1,22.0,1,36,0.89,2
pitbull,1,22.0,1,37,0.89,2
quarkpool,1,22.0,1,38,0.89,2
rasputin,1,22.0,1,39,0.89,2
ravelou,1,22.0,1,40,0.89,2
rising_sun,1,22.0,1,41,0.89,2
safu,1,22.0,1,42,0.89,2
samuray,1,22.0,1,43,0.89,2
superstar,1,22.0,1,44,0.89,2
thefoundry,1,22.0,1,45,0.89,2
thegoldenhorde,1,22.0,1,46,0.89,2
therock,1,22.0,1,47,0.89,2
tibonos,1,22.0,1,48,0.89,2
toad,1,22.0,1,49,0.89,2
yin,1,22.0,1,50,0.89,2
zillion,1,22.0,1,51,0.89,2
alessio,1,23.0,0,1,0.96,1
ares,1,23.0,1,2,0.96,1
ark.business,1,23.0,1,3,0.96,1
arkane,1,23.0,1,4,0.96,1
arkgallery,1,23.0,1,5,0.96,1
arkland,1,23.0,1,6,0.96,1
arkmoon,1,23.0,1,7,0.96,1
arknet,1,23.0,1,8,0.96,1
arkoar.group,1,23.0,1,9,0.96,1
arkpool,1,23.0,1,10,0.96,1
arkship,1,23.0,1,11,0.96,1
arkworld,1,23.0,1,12,0.96,1
arkx,1,23.0,1,13,0.96,1
arky,1,23.0,1,14,0.96,1
bioly,1,23.0,1,15,0.96,1
biz_classic,1,23.0,1,16,0.96,1
biz_private,1,23.0,1,17,0.96,1
calidelegate,1,23.0,1,18,0.96,1
cams_yellow_jacket,1,23.0,1,19,0.96,1
civseed,1,23.0,1,20,0.96,1
cryptology,1,23.0,1,21,0.96,1
dated,1,23.0,1,22,0.96,1
deadlock,1,23.0,1,23,0.96,1
del,1,23.0,1,24,0.96,1
doc,1,23.0,1,25,0.96,1
dutchdelegate,1,23.0,1,26,0.96,1
fun,1,23.0,1,27,0.96,1
geops,1,23.0,1,28,0.96,1
ghostfaceuk,1,23.0,1,29,0.96,1
goose,1,23.0,1,30,0.96,1
hippopotamus,1,23.0,1,31,0.96,1
itsanametoo,1,23.0,1,32,0.96,1
jarunik,1,23.0,1,33,0.96,1
kolap,1,23.0,1,34,0.96,1
mak,1,23.0,1,35,0.96,1
pieface,1,23.0,1,36,0.96,1
pitbull,1,23.0,1,37,0.96,1
quarkpool,1,23.0,1,38,0.96,1
rasputin,1,23.0,1,39,0.96,1
ravelou,1,23.0,1,40,0.96,1
rising_sun,1,23.0,1,41,0.96,1
safu,1,23.0,1,42,0.96,1
samuray,1,23.0,1,43,0.96,1
superstar,1,23.0,1,44,0.96,1
thefoundry,1,23.0,1,45,0.96,1
thegoldenhorde,1,23.0,1,46,0.96,1
therock,1,23.0,1,47,0.96,1
tibonos,1,23.0,1,48,0.96,1
toad,1,23.0,1,49,0.96,1
yin,1,23.0,1,50,0.96,1
zillion,1,23.0,1,51,0.96,1
alessio,1,24.0,1,1,0.96,1
ares,1,24.0,1,2,0.96,1
ark.business,1,24.0,1,3,0.96,1
arkane,1,24.0,1,4,0.96,1
arkgallery,1,24.0,1,5,0.96,1
arkland,1,24.0,1,6,0.96,1
arkmoon,1,24.0,1,7,0.96,1
arknet,1,24.0,1,8,0.96,1
arkoar.group,1,24.0,1,9,0.96,1
arkpool,1,24.0,1,10,0.96,1
arkship,1,24.0,1,11,0.96,1
arkworld,1,24.0,1,12,0.96,1
arkx,1,24.0,1,13,0.96,1
arky,1,24.0,1,14,0.96,1
bioly,1,24.0,1,15,0.96,1
biz_classic,1,24.0,1,16,0.96,1
biz_private,1,24.0,1,17,0.96,1
calidelegate,1,24.0,1,18,0.96,1
cams_yellow_jacket,1,24.0,1,19,0.96,1
civseed,1,24.0,1,20,0.96,1
cryptology,1,24.0,1,21,0.96,1
dated,1,24.0,1,22,0.96,1
deadlock,1,24.0,1,23,0.96,1
del,1,24.0,1,24,0.96,1
doc,1,24.0,1,25,0.96,1
dutchdelegate,1,24.0,1,26,0.96,1
echo,1,24.0,0,27,0.96,1
fun,1,24.0,1,28,0.96,1
geops,1,24.0,1,29,0.96,1
ghostfaceuk,1,24.0,1,30,0.96,1
goose,1,24.0,1,31,0.96,1
hippopotamus,1,24.0,1,32,0.96,1
itsanametoo,1,24.0,1,33,0.96,1
kolap,1,24.0,1,34,0.96,1
mak,1,24.0,1,35,0.96,1
pieface,1,24.0,1,36,0.96,1
pitbull,1,24.0,1,37,0.96,1
quarkpool,1,24.0,1,38,0.96,1
rasputin,1,24.0,1,39,0.96,1
ravelou,1,24.0,1,40,0.96,1
rising_sun,1,24.0,1,41,0.96,1
safu,1,24.0,1,42,0.96,1
samuray,1,24.0,1,43,0.96,1
superstar,1,24.0,1,44,0.96,1
thefoundry,1,24.0,1,45,0.96,1
thegoldenhorde,1,24.0,1,46,0.96,1
therock,1,24.0,1,47,0.96,1
tibonos,1,24.0,1,48,0.96,1
toad,1,24.0,1,49,0.96,1
yin,1,24.0,1,50,0.96,1
zillion,1,24.0,1,51,0.96,1
alessio,1,25.0,1,1,0.96,0
ares,1,25.0,1,2,0.96,0
ark.business,1,25.0,1,3,0.96,0
arkane,1,25.0,1,4,0.96,0
arkgallery,1,25.0,1,5,0.96,0
arkland,1,25.0,1,6,0.96,0
arkmoon,1,25.0,1,7,0.96,0
arknet,1,25.0,1,8,0.96,0
arkoar.group,1,25.0,1,9,0.96,0
arkpool,1,25.0,1,10,0.96,0
arkship,1,25.0,1,11,0.96,0
arkworld,1,25.0,1,12,0.96,0
arkx,1,25.0,1,13,0.96,0
arky,1,25.0,1,14,0.96,0
bioly,1,25.0,1,15,0.96,0
biz_classic,1,25.0,1,16,0.96,0
biz_private,1,25.0,1,17,0.96,0
calidelegate,1,25.0,1,18,0.96,0
cams_yellow_jacket,1,25.0,1,19,0.96,0
civseed,1,25.0,1,20,0.96,0
cryptology,1,25.0,1,21,0.96,0
dated,1,25.0,1,22,0.96,0
deadlock,1,25.0,1,23,0.96,0
del,1,25.0,1,24,0.96,0
doc,1,25.0,1,25,0.96,0
dutchdelegate,1,25.0,1,26,0.96,0
echo,1,25.0,1,27,0.96,0
fun,1,25.0,1,28,0.96,0
geops,1,25.0,1,29,0.96,0
ghostfaceuk,1,25.0,1,30,0.96,0
goose,1,25.0,1,31,0.96,0
hippopotamus,1,25.0,1,32,0.96,0
itsanametoo,1,25.0,1,33,0.96,0
jarunik,1,25.0,1,34,0.96,0
kolap,1,25.0,1,35,0.96,0
mak,1,25.0,1,36,0.96,0
pieface,1,25.0,1,37,0.96,0
pitbull,1,25.0,1,38,0.96,0
quarkpool,1,25.0,1,39,0.96,0
rasputin,1,25.0,1,40,0.96,0
ravelou,1,25.0,1,41,0.96,0
rising_sun,1,25.0,1,42,0.96,0
safu,1,25.0,1,43,0.96,0
samuray,1,25.0,1,44,0.96,0
thefoundry,1,25.0,1,45,0.96,0
thegoldenhorde,1,25.0,1,46,0.96,0
therock,1,25.0,1,47,0.96,0
tibonos,1,25.0,1,48,0.96,0
toad,1,25.0,1,49,0.96,0
yin,1,25.0,1,50,0.96,0
zillion,1,25.0,1,51,0.96,0
alessio,1,26.0,1,1,1.0,0
ares,1,26.0,1,2,1.0,0
ark.business,1,26.0,1,3,1.0,0
arkane,1,26.0,1,4,1.0,0
arkgallery,1,26.0,1,5,1.0,0
arkland,1,26.0,1,6,1.0,0
arkmoon,1,26.0,1,7,1.0,0
arknet,1,26.0,1,8,1.0,0
arkoar.group,1,26.0,1,9,1.0,0
arkpool,1,26.0,1,10,1.0,0
arkship,1,26.0,1,11,1.0,0
arkworld,1,26.0,1,12,1.0,0
arkx,1,26.0,1,13,1.0,0
arky,1,26.0,1,14,1.0,0
bioly,1,26.0,1,15,1.0,0
biz_classic,1,26.0,1,16,1.0,0
biz_private,1,26.0,1,17,1.0,0
calidelegate,1,26.0,1,18,1.0,0
cams_yellow_jacket,1,26.0,1,19,1.0,0
civseed,1,26.0,1,20,1.0,0
cryptology,1,26.0,1,21,1.0,0
dated,1,26.0,1,22,1.0,0
deadlock,1,26.0,1,23,1.0,0
del,1,26.0,1,24,1.0,0
doc,1,26.0,1,25,1.0,0
dutchdelegate,1,26.0,1,26,1.0,0
echo,1,26.0,1,27,1.0,0
fun,1,26.0,1,28,1.0,0
geops,1,26.0,1,29,1.0,0
ghostfaceuk,1,26.0,1,30,1.0,0
goose,1,26.0,1,31,1.0,0
hippopotamus,1,26.0,1,32,1.0,0
itsanametoo,1,26.0,1,33,1.0,0
jarunik,1,26.0,1,34,1.0,0
kolap,1,26.0,1,35,1.0,0
mak,1,26.0,1,36,1.0,0
pieface,1,26.0,1,37,1.0,0
pitbull,1,26.0,1,38,1.0,0
quarkpool,1,26.0,1,39,1.0,0
rasputin,1,26.0,1,40,1.0,0
ravelou,1,26.0,1,41,1.0,0
rising_sun,1,26.0,1,42,1.0,0
safu,1,26.0,1,43,1.0,0
samuray,1,26.0,1,44,1.0,0
thefoundry,1,26.0,1,45,1.0,0
thegoldenhorde,1,26.0,1,46,1.0,0
therock,1,26.0,1,47,1.0,0
tibonos,1,26.0,1,48,1.0,0
toad,1,26.0,1,49,1.0,0
yin,1,26.0,1,50,1.0,0
zillion,1,26.0,1,51,1.0,0